M*[Msun],fDM(Reff)
12589254117.941662,0.35
17782794100.38923,0.3
31622776601.683792,0.2
56234132519.034904,0.25
100000000000.0,0.23
177827941003.89227,0.3
316227766016.8379,0.38
